"country","item","option","year","val"
"Естонія","Безпека і оборона","def","1995","4.5"
"Естонія","Відсотки за борг","deb","1995","0.7"
"Естонія","Всього","ttl","1995","46.1"
"Естонія","Державна служба","cle","1995","3.9"
"Естонія","Дороги і ЖКГ","hou","1995","3.6"
"Естонія","Медицина","med","1995","4.5"
"Естонія","Освіта","edu","1995","8"
"Естонія","Пенсії","old","1995","5.9"
"Естонія","Соціальний захист","soc","1995","4.5"
"Естонія","Безпека і оборона","def","1996","4"
"Естонія","Відсотки за борг","deb","1996","0.7"
"Естонія","Всього","ttl","1996","43.9"
"Естонія","Державна служба","cle","1996","3.6"
"Естонія","Дороги і ЖКГ","hou","1996","3.1"
"Естонія","Медицина","med","1996","4.5"
"Естонія","Освіта","edu","1996","7.3"
"Естонія","Пенсії","old","1996","6.2"
"Естонія","Соціальний захист","soc","1996","4.1"
"Естонія","Безпека і оборона","def","1997","3.9"
"Естонія","Відсотки за борг","deb","1997","0.6"
"Естонія","Всього","ttl","1997","42.2"
"Естонія","Державна служба","cle","1997","3.5"
"Естонія","Дороги і ЖКГ","hou","1997","3.2"
"Естонія","Медицина","med","1997","3.5"
"Естонія","Освіта","edu","1997","7"
"Естонія","Пенсії","old","1997","5.8"
"Естонія","Соціальний захист","soc","1997","4"
"Естонія","Безпека і оборона","def","1998","4.1"
"Естонія","Відсотки за борг","deb","1998","0.7"
"Естонія","Всього","ttl","1998","43.9"
"Естонія","Державна служба","cle","1998","3.9"
"Естонія","Дороги і ЖКГ","hou","1998","3.2"
"Естонія","Медицина","med","1998","3.2"
"Естонія","Освіта","edu","1998","7.2"
"Естонія","Пенсії","old","1998","5.8"
"Естонія","Соціальний захист","soc","1998","4.1"
"Естонія","Безпека і оборона","def","1999","4.1"
"Естонія","Відсотки за борг","deb","1999","0.5"
"Естонія","Всього","ttl","1999","44.7"
"Естонія","Державна служба","cle","1999","3.5"
"Естонія","Дороги і ЖКГ","hou","1999","3.3"
"Естонія","Медицина","med","1999","3.4"
"Естонія","Освіта","edu","1999","7.5"
"Естонія","Пенсії","old","1999","6.6"
"Естонія","Соціальний захист","soc","1999","4.6"
"Естонія","Безпека і оборона","def","2000","4"
"Естонія","Відсотки за борг","deb","2000","0.4"
"Естонія","Всього","ttl","2000","40.1"
"Естонія","Державна служба","cle","2000","3.3"
"Естонія","Дороги і ЖКГ","hou","2000","2.9"
"Естонія","Медицина","med","2000","2.9"
"Естонія","Освіта","edu","2000","6.9"
"Естонія","Пенсії","old","2000","6"
"Естонія","Соціальний захист","soc","2000","4"
"Естонія","Безпека і оборона","def","2001","3.8"
"Естонія","Відсотки за борг","deb","2001","0.3"
"Естонія","Всього","ttl","2001","39.8"
"Естонія","Державна служба","cle","2001","3"
"Естонія","Дороги і ЖКГ","hou","2001","2.9"
"Естонія","Медицина","med","2001","2.7"
"Естонія","Освіта","edu","2001","6.9"
"Естонія","Пенсії","old","2001","5.6"
"Естонія","Соціальний захист","soc","2001","3.8"
"Естонія","Безпека і оборона","def","2002","4"
"Естонія","Відсотки за борг","deb","2002","0.4"
"Естонія","Всього","ttl","2002","41.2"
"Естонія","Державна служба","cle","2002","3.4"
"Естонія","Дороги і ЖКГ","hou","2002","2.9"
"Естонія","Медицина","med","2002","3"
"Естонія","Освіта","edu","2002","7.1"
"Естонія","Пенсії","old","2002","5.6"
"Естонія","Соціальний захист","soc","2002","3.7"
"Естонія","Безпека і оборона","def","2003","4.2"
"Естонія","Відсотки за борг","deb","2003","0.4"
"Естонія","Всього","ttl","2003","39.9"
"Естонія","Державна служба","cle","2003","2.8"
"Естонія","Дороги і ЖКГ","hou","2003","2.6"
"Естонія","Медицина","med","2003","3"
"Естонія","Освіта","edu","2003","6.8"
"Естонія","Пенсії","old","2003","5.7"
"Естонія","Соціальний захист","soc","2003","3.4"
"Естонія","Безпека і оборона","def","2004","3.6"
"Естонія","Відсотки за борг","deb","2004","0.3"
"Естонія","Всього","ttl","2004","38.7"
"Естонія","Державна служба","cle","2004","2.9"
"Естонія","Дороги і ЖКГ","hou","2004","2.6"
"Естонія","Медицина","med","2004","3"
"Естонія","Освіта","edu","2004","6.6"
"Естонія","Пенсії","old","2004","5.6"
"Естонія","Соціальний захист","soc","2004","3.8"
"Естонія","Безпека і оборона","def","2005","3.5"
"Естонія","Відсотки за борг","deb","2005","0.3"
"Естонія","Всього","ttl","2005","38.5"
"Естонія","Державна служба","cle","2005","2.8"
"Естонія","Дороги і ЖКГ","hou","2005","2.8"
"Естонія","Медицина","med","2005","2.9"
"Естонія","Освіта","edu","2005","6.2"
"Естонія","Пенсії","old","2005","5.5"
"Естонія","Соціальний захист","soc","2005","3.5"
"Естонія","Безпека і оборона","def","2006","3.3"
"Естонія","Відсотки за борг","deb","2006","0.2"
"Естонія","Всього","ttl","2006","38.2"
"Естонія","Державна служба","cle","2006","3.3"
"Естонія","Дороги і ЖКГ","hou","2006","2.8"
"Естонія","Медицина","med","2006","3.2"
"Естонія","Освіта","edu","2006","6.2"
"Естонія","Пенсії","old","2006","5.4"
"Естонія","Соціальний захист","soc","2006","3.2"
"Естонія","Безпека і оборона","def","2007","3.4"
"Естонія","Відсотки за борг","deb","2007","0.2"
"Естонія","Всього","ttl","2007","38.7"
"Естонія","Державна служба","cle","2007","3.2"
"Естонія","Дороги і ЖКГ","hou","2007","3.2"
"Естонія","Медицина","med","2007","3.3"
"Естонія","Освіта","edu","2007","6"
"Естонія","Пенсії","old","2007","5.3"
"Естонія","Соціальний захист","soc","2007","3.2"
"Естонія","Безпека і оборона","def","2008","4.3"
"Естонія","Відсотки за борг","deb","2008","0.2"
"Естонія","Всього","ttl","2008","44.7"
"Естонія","Державна служба","cle","2008","3"
"Естонія","Дороги і ЖКГ","hou","2008","3.7"
"Естонія","Медицина","med","2008","3.8"
"Естонія","Освіта","edu","2008","6.8"
"Естонія","Пенсії","old","2008","6.4"
"Естонія","Соціальний захист","soc","2008","4"
"Естонія","Безпека і оборона","def","2009","4.5"
"Естонія","Відсотки за борг","deb","2009","0.2"
"Естонія","Всього","ttl","2009","49.5"
"Естонія","Державна служба","cle","2009","3.7"
"Естонія","Дороги і ЖКГ","hou","2009","2.9"
"Естонія","Медицина","med","2009","4.1"
"Естонія","Освіта","edu","2009","7.3"
"Естонія","Пенсії","old","2009","8"
"Естонія","Соціальний захист","soc","2009","5.2"
"Естонія","Безпека і оборона","def","2010","3.8"
"Естонія","Відсотки за борг","deb","2010","0.2"
"Естонія","Всього","ttl","2010","44.3"
"Естонія","Державна служба","cle","2010","3.2"
"Естонія","Дороги і ЖКГ","hou","2010","3.4"
"Естонія","Медицина","med","2010","3.9"
"Естонія","Освіта","edu","2010","6.7"
"Естонія","Пенсії","old","2010","7.8"
"Естонія","Соціальний захист","soc","2010","5.2"
"Естонія","Безпека і оборона","def","2011","3.5"
"Естонія","Відсотки за борг","deb","2011","0.2"
"Естонія","Всього","ttl","2011","41.3"
"Естонія","Державна служба","cle","2011","3.3"
"Естонія","Дороги і ЖКГ","hou","2011","3.4"
"Естонія","Медицина","med","2011","3.7"
"Естонія","Освіта","edu","2011","6.3"
"Естонія","Пенсії","old","2011","6.9"
"Естонія","Соціальний захист","soc","2011","4.9"
"Естонія","Безпека і оборона","def","2012","3.8"
"Естонія","Відсотки за борг","deb","2012","0.3"
"Естонія","Всього","ttl","2012","42.9"
"Естонія","Державна служба","cle","2012","3.9"
"Естонія","Дороги і ЖКГ","hou","2012","3.5"
"Естонія","Медицина","med","2012","3.7"
"Естонія","Освіта","edu","2012","6.4"
"Естонія","Пенсії","old","2012","6.8"
"Естонія","Соціальний захист","soc","2012","4.6"
"Естонія","Безпека і оборона","def","2013","3.6"
"Естонія","Відсотки за борг","deb","2013","0.3"
"Естонія","Всього","ttl","2013","42.1"
"Естонія","Державна служба","cle","2013","3.8"
"Естонія","Дороги і ЖКГ","hou","2013","3.7"
"Естонія","Медицина","med","2013","3.7"
"Естонія","Освіта","edu","2013","6"
"Естонія","Пенсії","old","2013","6.7"
"Естонія","Соціальний захист","soc","2013","4.2"
"Естонія","Безпека і оборона","def","2014","3.7"
"Естонія","Відсотки за борг","deb","2014","0.3"
"Естонія","Всього","ttl","2014","41.8"
"Естонія","Державна служба","cle","2014","3.7"
"Естонія","Дороги і ЖКГ","hou","2014","3.6"
"Естонія","Медицина","med","2014","3.8"
"Естонія","Освіта","edu","2014","5.7"
"Естонія","Пенсії","old","2014","6.7"
"Естонія","Соціальний захист","soc","2014","4.2"
"Кіпр","Безпека і оборона","def","1995",""
"Кіпр","Відсотки за борг","deb","1995",""
"Кіпр","Всього","ttl","1995",""
"Кіпр","Державна служба","cle","1995",""
"Кіпр","Дороги і ЖКГ","hou","1995",""
"Кіпр","Медицина","med","1995",""
"Кіпр","Освіта","edu","1995",""
"Кіпр","Пенсії","old","1995",""
"Кіпр","Соціальний захист","soc","1995",""
"Кіпр","Безпека і оборона","def","1996",""
"Кіпр","Відсотки за борг","deb","1996",""
"Кіпр","Всього","ttl","1996",""
"Кіпр","Державна служба","cle","1996",""
"Кіпр","Дороги і ЖКГ","hou","1996",""
"Кіпр","Медицина","med","1996",""
"Кіпр","Освіта","edu","1996",""
"Кіпр","Пенсії","old","1996",""
"Кіпр","Соціальний захист","soc","1996",""
"Кіпр","Безпека і оборона","def","1997",""
"Кіпр","Відсотки за борг","deb","1997",""
"Кіпр","Всього","ttl","1997",""
"Кіпр","Державна служба","cle","1997",""
"Кіпр","Дороги і ЖКГ","hou","1997",""
"Кіпр","Медицина","med","1997",""
"Кіпр","Освіта","edu","1997",""
"Кіпр","Пенсії","old","1997",""
"Кіпр","Соціальний захист","soc","1997",""
"Кіпр","Безпека і оборона","def","1998",""
"Кіпр","Відсотки за борг","deb","1998",""
"Кіпр","Всього","ttl","1998",""
"Кіпр","Державна служба","cle","1998",""
"Кіпр","Дороги і ЖКГ","hou","1998",""
"Кіпр","Медицина","med","1998",""
"Кіпр","Освіта","edu","1998",""
"Кіпр","Пенсії","old","1998",""
"Кіпр","Соціальний захист","soc","1998",""
"Кіпр","Безпека і оборона","def","1999",""
"Кіпр","Відсотки за борг","deb","1999",""
"Кіпр","Всього","ttl","1999",""
"Кіпр","Державна служба","cle","1999",""
"Кіпр","Дороги і ЖКГ","hou","1999",""
"Кіпр","Медицина","med","1999",""
"Кіпр","Освіта","edu","1999",""
"Кіпр","Пенсії","old","1999",""
"Кіпр","Соціальний захист","soc","1999",""
"Кіпр","Безпека і оборона","def","2000",""
"Кіпр","Відсотки за борг","deb","2000",""
"Кіпр","Всього","ttl","2000",""
"Кіпр","Державна служба","cle","2000",""
"Кіпр","Дороги і ЖКГ","hou","2000",""
"Кіпр","Медицина","med","2000",""
"Кіпр","Освіта","edu","2000",""
"Кіпр","Пенсії","old","2000",""
"Кіпр","Соціальний захист","soc","2000",""
"Кіпр","Безпека і оборона","def","2001","3.6"
"Кіпр","Відсотки за борг","deb","2001","5.1"
"Кіпр","Всього","ttl","2001","32.9"
"Кіпр","Державна служба","cle","2001","5.8"
"Кіпр","Дороги і ЖКГ","hou","2001","3.6"
"Кіпр","Медицина","med","2001","2.7"
"Кіпр","Освіта","edu","2001","5.2"
"Кіпр","Пенсії","old","2001","0.4"
"Кіпр","Соціальний захист","soc","2001","2"
"Кіпр","Безпека і оборона","def","2002","3.8"
"Кіпр","Відсотки за борг","deb","2002","4.5"
"Кіпр","Всього","ttl","2002","33.9"
"Кіпр","Державна служба","cle","2002","6.3"
"Кіпр","Дороги і ЖКГ","hou","2002","3.9"
"Кіпр","Медицина","med","2002","2.9"
"Кіпр","Освіта","edu","2002","5.5"
"Кіпр","Пенсії","old","2002","0.5"
"Кіпр","Соціальний захист","soc","2002","2.2"
"Кіпр","Безпека і оборона","def","2003","4.1"
"Кіпр","Відсотки за борг","deb","2003","4.5"
"Кіпр","Всього","ttl","2003","37.1"
"Кіпр","Державна служба","cle","2003","7"
"Кіпр","Дороги і ЖКГ","hou","2003","4.2"
"Кіпр","Медицина","med","2003","3.1"
"Кіпр","Освіта","edu","2003","6.2"
"Кіпр","Пенсії","old","2003","0.6"
"Кіпр","Соціальний захист","soc","2003","2.6"
"Кіпр","Безпека і оборона","def","2004","3.7"
"Кіпр","Відсотки за борг","deb","2004","4.6"
"Кіпр","Всього","ttl","2004","35.2"
"Кіпр","Державна служба","cle","2004","6.6"
"Кіпр","Дороги і ЖКГ","hou","2004","4"
"Кіпр","Медицина","med","2004","2.8"
"Кіпр","Освіта","edu","2004","5.9"
"Кіпр","Пенсії","old","2004","0.6"
"Кіпр","Соціальний захист","soc","2004","2.7"
"Кіпр","Безпека і оборона","def","2005","3.6"
"Кіпр","Відсотки за борг","deb","2005","4.6"
"Кіпр","Всього","ttl","2005","35.5"
"Кіпр","Державна служба","cle","2005","7"
"Кіпр","Дороги і ЖКГ","hou","2005","4.2"
"Кіпр","Медицина","med","2005","2.8"
"Кіпр","Освіта","edu","2005","5.8"
"Кіпр","Пенсії","old","2005","0.6"
"Кіпр","Соціальний захист","soc","2005","2.8"
"Кіпр","Безпека і оборона","def","2006","3.7"
"Кіпр","Відсотки за борг","deb","2006","4.1"
"Кіпр","Всього","ttl","2006","34.8"
"Кіпр","Державна служба","cle","2006","6.9"
"Кіпр","Дороги і ЖКГ","hou","2006","4.1"
"Кіпр","Медицина","med","2006","2.8"
"Кіпр","Освіта","edu","2006","5.8"
"Кіпр","Пенсії","old","2006","0.6"
"Кіпр","Соціальний захист","soc","2006","2.7"
"Кіпр","Безпека і оборона","def","2007","3.5"
"Кіпр","Відсотки за борг","deb","2007","3.9"
"Кіпр","Всього","ttl","2007","34.3"
"Кіпр","Державна служба","cle","2007","7.4"
"Кіпр","Дороги і ЖКГ","hou","2007","3.9"
"Кіпр","Медицина","med","2007","2.6"
"Кіпр","Освіта","edu","2007","5.8"
"Кіпр","Пенсії","old","2007","0.6"
"Кіпр","Соціальний захист","soc","2007","2.7"
"Кіпр","Безпека і оборона","def","2008","3.5"
"Кіпр","Відсотки за борг","deb","2008","4.1"
"Кіпр","Всього","ttl","2008","35.5"
"Кіпр","Державна служба","cle","2008","7.3"
"Кіпр","Дороги і ЖКГ","hou","2008","4.1"
"Кіпр","Медицина","med","2008","2.7"
"Кіпр","Освіта","edu","2008","6.2"
"Кіпр","Пенсії","old","2008","0.7"
"Кіпр","Соціальний захист","soc","2008","2.8"
"Кіпр","Безпека і оборона","def","2009","3.8"
"Кіпр","Відсотки за борг","deb","2009","3"
"Кіпр","Всього","ttl","2009","37.9"
"Кіпр","Державна служба","cle","2009","8.6"
"Кіпр","Дороги і ЖКГ","hou","2009","4.7"
"Кіпр","Медицина","med","2009","3"
"Кіпр","Освіта","edu","2009","6.6"
"Кіпр","Пенсії","old","2009","0.7"
"Кіпр","Соціальний захист","soc","2009","3.2"
"Кіпр","Безпека і оборона","def","2010","4.3"
"Кіпр","Відсотки за борг","deb","2010","2.6"
"Кіпр","Всього","ttl","2010","37.4"
"Кіпр","Державна служба","cle","2010","7.7"
"Кіпр","Дороги і ЖКГ","hou","2010","4.8"
"Кіпр","Медицина","med","2010","3"
"Кіпр","Освіта","edu","2010","6.8"
"Кіпр","Пенсії","old","2010","0.9"
"Кіпр","Соціальний захист","soc","2010","3.3"
"Кіпр","Безпека і оборона","def","2011","3.9"
"Кіпр","Відсотки за борг","deb","2011","2.8"
"Кіпр","Всього","ttl","2011","37.5"
"Кіпр","Державна служба","cle","2011","8.1"
"Кіпр","Дороги і ЖКГ","hou","2011","4.8"
"Кіпр","Медицина","med","2011","3.1"
"Кіпр","Освіта","edu","2011","6.6"
"Кіпр","Пенсії","old","2011","0.9"
"Кіпр","Соціальний захист","soc","2011","3.4"
"Кіпр","Безпека і оборона","def","2012","3.8"
"Кіпр","Відсотки за борг","deb","2012","3.4"
"Кіпр","Всього","ttl","2012","35.9"
"Кіпр","Державна служба","cle","2012","8.6"
"Кіпр","Дороги і ЖКГ","hou","2012","4"
"Кіпр","Медицина","med","2012","3"
"Кіпр","Освіта","edu","2012","6.1"
"Кіпр","Пенсії","old","2012","0.9"
"Кіпр","Соціальний захист","soc","2012","2.8"
"Кіпр","Безпека і оборона","def","2013","3.7"
"Кіпр","Відсотки за борг","deb","2013","3.7"
"Кіпр","Всього","ttl","2013","34"
"Кіпр","Державна служба","cle","2013","6.8"
"Кіпр","Дороги і ЖКГ","hou","2013","3.4"
"Кіпр","Медицина","med","2013","3.1"
"Кіпр","Освіта","edu","2013","6.5"
"Кіпр","Пенсії","old","2013","0.6"
"Кіпр","Соціальний захист","soc","2013","2.7"
"Кіпр","Безпека і оборона","def","2014","3.1"
"Кіпр","Відсотки за борг","deb","2014","3.1"
"Кіпр","Всього","ttl","2014","40.8"
"Кіпр","Державна служба","cle","2014","15.9"
"Кіпр","Дороги і ЖКГ","hou","2014","3.4"
"Кіпр","Медицина","med","2014","2.7"
"Кіпр","Освіта","edu","2014","5.8"
"Кіпр","Пенсії","old","2014","0.6"
"Кіпр","Соціальний захист","soc","2014","2.8"
"Литва","Безпека і оборона","def","1995","3.1"
"Литва","Відсотки за борг","deb","1995",""
"Литва","Всього","ttl","1995","35.5"
"Литва","Державна служба","cle","1995",""
"Литва","Дороги і ЖКГ","hou","1995","0.6"
"Литва","Медицина","med","1995","4.6"
"Литва","Освіта","edu","1995","5.3"
"Литва","Пенсії","old","1995",""
"Литва","Соціальний захист","soc","1995",""
"Литва","Безпека і оборона","def","1996","3.3"
"Литва","Відсотки за борг","deb","1996",""
"Литва","Всього","ttl","1996","34.9"
"Литва","Державна служба","cle","1996",""
"Литва","Дороги і ЖКГ","hou","1996","0.6"
"Литва","Медицина","med","1996","4.6"
"Литва","Освіта","edu","1996","5.3"
"Литва","Пенсії","old","1996",""
"Литва","Соціальний захист","soc","1996",""
"Литва","Безпека і оборона","def","1997","3.8"
"Литва","Відсотки за борг","deb","1997",""
"Литва","Всього","ttl","1997","50.2"
"Литва","Державна служба","cle","1997",""
"Литва","Дороги і ЖКГ","hou","1997","0.7"
"Литва","Медицина","med","1997","6.2"
"Литва","Освіта","edu","1997","5.2"
"Литва","Пенсії","old","1997",""
"Литва","Соціальний захист","soc","1997",""
"Литва","Безпека і оборона","def","1998","4.2"
"Литва","Відсотки за борг","deb","1998",""
"Литва","Всього","ttl","1998","40.7"
"Литва","Державна служба","cle","1998",""
"Литва","Дороги і ЖКГ","hou","1998","0.8"
"Литва","Медицина","med","1998","6.5"
"Литва","Освіта","edu","1998","5.7"
"Литва","Пенсії","old","1998",""
"Литва","Соціальний захист","soc","1998",""
"Литва","Безпека і оборона","def","1999","3.3"
"Литва","Відсотки за борг","deb","1999",""
"Литва","Всього","ttl","1999","38.9"
"Литва","Державна служба","cle","1999",""
"Литва","Дороги і ЖКГ","hou","1999","0.4"
"Литва","Медицина","med","1999","7.1"
"Литва","Освіта","edu","1999","6.7"
"Литва","Пенсії","old","1999",""
"Литва","Соціальний захист","soc","1999",""
"Литва","Безпека і оборона","def","2000","3.4"
"Литва","Відсотки за борг","deb","2000","1.9"
"Литва","Всього","ttl","2000","37.9"
"Литва","Державна служба","cle","2000","3.4"
"Литва","Дороги і ЖКГ","hou","2000","3.6"
"Литва","Медицина","med","2000","6.2"
"Литва","Освіта","edu","2000","6"
"Литва","Пенсії","old","2000","1.9"
"Литва","Соціальний захист","soc","2000","1.5"
"Литва","Безпека і оборона","def","2001","3.3"
"Литва","Відсотки за борг","deb","2001","1.7"
"Литва","Всього","ttl","2001","35.4"
"Литва","Державна служба","cle","2001","3.6"
"Литва","Дороги і ЖКГ","hou","2001","2.9"
"Литва","Медицина","med","2001","6.6"
"Литва","Освіта","edu","2001","5.9"
"Литва","Пенсії","old","2001","1.7"
"Литва","Соціальний захист","soc","2001","1.2"
"Литва","Безпека і оборона","def","2002","3.4"
"Литва","Відсотки за борг","deb","2002","1.5"
"Литва","Всього","ttl","2002","35"
"Литва","Державна служба","cle","2002","2.9"
"Литва","Дороги і ЖКГ","hou","2002","2.8"
"Литва","Медицина","med","2002","6"
"Литва","Освіта","edu","2002","6"
"Литва","Пенсії","old","2002","1.5"
"Литва","Соціальний захист","soc","2002","1.4"
"Литва","Безпека і оборона","def","2003","3.3"
"Литва","Відсотки за борг","deb","2003","1.3"
"Литва","Всього","ttl","2003","33.6"
"Литва","Державна служба","cle","2003","2.8"
"Литва","Дороги і ЖКГ","hou","2003","2.6"
"Литва","Медицина","med","2003","5.9"
"Литва","Освіта","edu","2003","5.7"
"Литва","Пенсії","old","2003","1.6"
"Литва","Соціальний захист","soc","2003","1.1"
"Литва","Безпека і оборона","def","2004","3.3"
"Литва","Відсотки за борг","deb","2004","1"
"Литва","Всього","ttl","2004","34.1"
"Литва","Державна служба","cle","2004","4"
"Литва","Дороги і ЖКГ","hou","2004","2.6"
"Литва","Медицина","med","2004","3.2"
"Литва","Освіта","edu","2004","5.8"
"Литва","Пенсії","old","2004","0.9"
"Литва","Соціальний захист","soc","2004","1.8"
"Литва","Безпека і оборона","def","2005","3.1"
"Литва","Відсотки за борг","deb","2005","0.8"
"Литва","Всього","ttl","2005","33"
"Литва","Державна служба","cle","2005","4.3"
"Литва","Дороги і ЖКГ","hou","2005","2.4"
"Литва","Медицина","med","2005","3.6"
"Литва","Освіта","edu","2005","5.4"
"Литва","Пенсії","old","2005","0.9"
"Литва","Соціальний захист","soc","2005","1.6"
"Литва","Безпека і оборона","def","2006","3.5"
"Литва","Відсотки за борг","deb","2006","0.7"
"Литва","Всього","ttl","2006","33.7"
"Литва","Державна служба","cle","2006","3.5"
"Литва","Дороги і ЖКГ","hou","2006","2.4"
"Литва","Медицина","med","2006","4.3"
"Литва","Освіта","edu","2006","5.4"
"Литва","Пенсії","old","2006","0.6"
"Литва","Соціальний захист","soc","2006","1.9"
"Литва","Безпека і оборона","def","2007","3.5"
"Литва","Відсотки за борг","deb","2007","0.7"
"Литва","Всього","ttl","2007","33.9"
"Литва","Державна служба","cle","2007","3.3"
"Литва","Дороги і ЖКГ","hou","2007","2.1"
"Литва","Медицина","med","2007","4.2"
"Литва","Освіта","edu","2007","5.3"
"Литва","Пенсії","old","2007","0.6"
"Литва","Соціальний захист","soc","2007","1.9"
"Литва","Безпека і оборона","def","2008","3.3"
"Литва","Відсотки за борг","deb","2008","0.8"
"Литва","Всього","ttl","2008","36.5"
"Литва","Державна служба","cle","2008","3.1"
"Литва","Дороги і ЖКГ","hou","2008","2.6"
"Литва","Медицина","med","2008","4.5"
"Литва","Освіта","edu","2008","6.1"
"Литва","Пенсії","old","2008","0.6"
"Литва","Соціальний захист","soc","2008","2.5"
"Литва","Безпека і оборона","def","2009","3.3"
"Литва","Відсотки за борг","deb","2009","1.3"
"Литва","Всього","ttl","2009","39.4"
"Литва","Державна служба","cle","2009","3.1"
"Литва","Дороги і ЖКГ","hou","2009","2.5"
"Литва","Медицина","med","2009","5.6"
"Литва","Освіта","edu","2009","7.2"
"Литва","Пенсії","old","2009","0.7"
"Литва","Соціальний захист","soc","2009","3.5"
"Литва","Безпека і оборона","def","2010","3.2"
"Литва","Відсотки за борг","deb","2010","2"
"Литва","Всього","ttl","2010","39.2"
"Литва","Державна служба","cle","2010","2.6"
"Литва","Дороги і ЖКГ","hou","2010","2.2"
"Литва","Медицина","med","2010","5.9"
"Литва","Освіта","edu","2010","6.4"
"Литва","Пенсії","old","2010","0.6"
"Литва","Соціальний захист","soc","2010","3"
"Литва","Безпека і оборона","def","2011","2.9"
"Литва","Відсотки за борг","deb","2011","1.9"
"Литва","Всього","ttl","2011","39.5"
"Литва","Державна служба","cle","2011","6.5"
"Литва","Дороги і ЖКГ","hou","2011","1.9"
"Литва","Медицина","med","2011","5.3"
"Литва","Освіта","edu","2011","6.1"
"Литва","Пенсії","old","2011","0.6"
"Литва","Соціальний захист","soc","2011","2.9"
"Литва","Безпека і оборона","def","2012","2.8"
"Литва","Відсотки за борг","deb","2012","2.1"
"Литва","Всього","ttl","2012","33"
"Литва","Державна служба","cle","2012","2.3"
"Литва","Дороги і ЖКГ","hou","2012","1.6"
"Литва","Медицина","med","2012","4.6"
"Литва","Освіта","edu","2012","5.8"
"Литва","Пенсії","old","2012","0.6"
"Литва","Соціальний захист","soc","2012","2.6"
"Литва","Безпека і оборона","def","2013","2.7"
"Литва","Відсотки за борг","deb","2013","1.9"
"Литва","Всього","ttl","2013","32.2"
"Литва","Державна служба","cle","2013","3.4"
"Литва","Дороги і ЖКГ","hou","2013","1.5"
"Литва","Медицина","med","2013","4.3"
"Литва","Освіта","edu","2013","5.6"
"Литва","Пенсії","old","2013","0.6"
"Литва","Соціальний захист","soc","2013","2.5"
"Литва","Безпека і оборона","def","2014","2.8"
"Литва","Відсотки за борг","deb","2014","1.8"
"Литва","Всього","ttl","2014","30.8"
"Литва","Державна служба","cle","2014","2.8"
"Литва","Дороги і ЖКГ","hou","2014","1.5"
"Литва","Медицина","med","2014","4.3"
"Литва","Освіта","edu","2014","5.4"
"Литва","Пенсії","old","2014","0.7"
"Литва","Соціальний захист","soc","2014","2.3"
"Мальта","Безпека і оборона","def","1995","2.4"
"Мальта","Відсотки за борг","deb","1995",""
"Мальта","Всього","ttl","1995","39.7"
"Мальта","Державна служба","cle","1995",""
"Мальта","Дороги і ЖКГ","hou","1995","1.4"
"Мальта","Медицина","med","1995","3.8"
"Мальта","Освіта","edu","1995","5"
"Мальта","Пенсії","old","1995",""
"Мальта","Соціальний захист","soc","1995",""
"Мальта","Безпека і оборона","def","1996","2.5"
"Мальта","Відсотки за борг","deb","1996",""
"Мальта","Всього","ttl","1996","42.2"
"Мальта","Державна служба","cle","1996",""
"Мальта","Дороги і ЖКГ","hou","1996","1.6"
"Мальта","Медицина","med","1996","4.1"
"Мальта","Освіта","edu","1996","5.4"
"Мальта","Пенсії","old","1996",""
"Мальта","Соціальний захист","soc","1996",""
"Мальта","Безпека і оборона","def","1997","2.7"
"Мальта","Відсотки за борг","deb","1997",""
"Мальта","Всього","ttl","1997","42.2"
"Мальта","Державна служба","cle","1997",""
"Мальта","Дороги і ЖКГ","hou","1997","1.6"
"Мальта","Медицина","med","1997","4.4"
"Мальта","Освіта","edu","1997","5.6"
"Мальта","Пенсії","old","1997",""
"Мальта","Соціальний захист","soc","1997",""
"Мальта","Безпека і оборона","def","1998","2.6"
"Мальта","Відсотки за борг","deb","1998",""
"Мальта","Всього","ttl","1998","42"
"Мальта","Державна служба","cle","1998",""
"Мальта","Дороги і ЖКГ","hou","1998","1.8"
"Мальта","Медицина","med","1998","4.4"
"Мальта","Освіта","edu","1998","5.3"
"Мальта","Пенсії","old","1998",""
"Мальта","Соціальний захист","soc","1998",""
"Мальта","Безпека і оборона","def","1999","2.2"
"Мальта","Відсотки за борг","deb","1999",""
"Мальта","Всього","ttl","1999","42.2"
"Мальта","Державна служба","cle","1999",""
"Мальта","Дороги і ЖКГ","hou","1999","1.2"
"Мальта","Медицина","med","1999","4.4"
"Мальта","Освіта","edu","1999","5.4"
"Мальта","Пенсії","old","1999",""
"Мальта","Соціальний захист","soc","1999",""
"Мальта","Безпека і оборона","def","2000","2.2"
"Мальта","Відсотки за борг","deb","2000",""
"Мальта","Всього","ttl","2000","40.8"
"Мальта","Державна служба","cle","2000",""
"Мальта","Дороги і ЖКГ","hou","2000","1.2"
"Мальта","Медицина","med","2000","4.7"
"Мальта","Освіта","edu","2000","5.1"
"Мальта","Пенсії","old","2000",""
"Мальта","Соціальний захист","soc","2000",""
"Мальта","Безпека і оборона","def","2001","2.3"
"Мальта","Відсотки за борг","deb","2001","3.8"
"Мальта","Всього","ttl","2001","42.3"
"Мальта","Державна служба","cle","2001","3.3"
"Мальта","Дороги і ЖКГ","hou","2001","3.1"
"Мальта","Медицина","med","2001","4.8"
"Мальта","Освіта","edu","2001","5.7"
"Мальта","Пенсії","old","2001","7"
"Мальта","Соціальний захист","soc","2001","6"
"Мальта","Безпека і оборона","def","2002","2.2"
"Мальта","Відсотки за борг","deb","2002","3.9"
"Мальта","Всього","ttl","2002","42"
"Мальта","Державна служба","cle","2002","3.1"
"Мальта","Дороги і ЖКГ","hou","2002","2.8"
"Мальта","Медицина","med","2002","5.4"
"Мальта","Освіта","edu","2002","5.8"
"Мальта","Пенсії","old","2002","6.8"
"Мальта","Соціальний захист","soc","2002","6.3"
"Мальта","Безпека і оборона","def","2003","2.4"
"Мальта","Відсотки за борг","deb","2003","3.6"
"Мальта","Всього","ttl","2003","45.7"
"Мальта","Державна служба","cle","2003","2.9"
"Мальта","Дороги і ЖКГ","hou","2003","6.5"
"Мальта","Медицина","med","2003","5.5"
"Мальта","Освіта","edu","2003","5.9"
"Мальта","Пенсії","old","2003","6.7"
"Мальта","Соціальний захист","soc","2003","6.4"
"Мальта","Безпека і оборона","def","2004","2.4"
"Мальта","Відсотки за борг","deb","2004","3.8"
"Мальта","Всього","ttl","2004","42.7"
"Мальта","Державна служба","cle","2004","3.8"
"Мальта","Дороги і ЖКГ","hou","2004","2.2"
"Мальта","Медицина","med","2004","5.7"
"Мальта","Освіта","edu","2004","5.5"
"Мальта","Пенсії","old","2004","6.9"
"Мальта","Соціальний захист","soc","2004","6.3"
"Мальта","Безпека і оборона","def","2005","2.2"
"Мальта","Відсотки за борг","deb","2005","3.8"
"Мальта","Всього","ttl","2005","42.7"
"Мальта","Державна служба","cle","2005","3.2"
"Мальта","Дороги і ЖКГ","hou","2005","2.7"
"Мальта","Медицина","med","2005","6"
"Мальта","Освіта","edu","2005","5.4"
"Мальта","Пенсії","old","2005","7"
"Мальта","Соціальний захист","soc","2005","6.2"
"Мальта","Безпека і оборона","def","2006","2.1"
"Мальта","Відсотки за борг","deb","2006","3.8"
"Мальта","Всього","ttl","2006","42.8"
"Мальта","Державна служба","cle","2006","3.5"
"Мальта","Дороги і ЖКГ","hou","2006","2.1"
"Мальта","Медицина","med","2006","6"
"Мальта","Освіта","edu","2006","5.5"
"Мальта","Пенсії","old","2006","7"
"Мальта","Соціальний захист","soc","2006","6.3"
"Мальта","Безпека і оборона","def","2007","2"
"Мальта","Відсотки за борг","deb","2007","3.5"
"Мальта","Всього","ttl","2007","41.6"
"Мальта","Державна служба","cle","2007","3.5"
"Мальта","Дороги і ЖКГ","hou","2007","1.9"
"Мальта","Медицина","med","2007","5.5"
"Мальта","Освіта","edu","2007","5.2"
"Мальта","Пенсії","old","2007","7.3"
"Мальта","Соціальний захист","soc","2007","6.1"
"Мальта","Безпека і оборона","def","2008","2"
"Мальта","Відсотки за борг","deb","2008","3.4"
"Мальта","Всього","ttl","2008","42.9"
"Мальта","Державна служба","cle","2008","3.9"
"Мальта","Дороги і ЖКГ","hou","2008","3.3"
"Мальта","Медицина","med","2008","5.3"
"Мальта","Освіта","edu","2008","5.2"
"Мальта","Пенсії","old","2008","7.2"
"Мальта","Соціальний захист","soc","2008","6.1"
"Мальта","Безпека і оборона","def","2009","2.3"
"Мальта","Відсотки за борг","deb","2009","3.3"
"Мальта","Всього","ttl","2009","42.3"
"Мальта","Державна служба","cle","2009","4.5"
"Мальта","Дороги і ЖКГ","hou","2009","1.6"
"Мальта","Медицина","med","2009","5.1"
"Мальта","Освіта","edu","2009","5.4"
"Мальта","Пенсії","old","2009","8"
"Мальта","Соціальний захист","soc","2009","6.2"
"Мальта","Безпека і оборона","def","2010","2.2"
"Мальта","Відсотки за борг","deb","2010","3.1"
"Мальта","Всього","ttl","2010","41.5"
"Мальта","Державна служба","cle","2010","3.7"
"Мальта","Дороги і ЖКГ","hou","2010","1.3"
"Мальта","Медицина","med","2010","5.3"
"Мальта","Освіта","edu","2010","5.6"
"Мальта","Пенсії","old","2010","7.9"
"Мальта","Соціальний захист","soc","2010","5.8"
"Мальта","Безпека і оборона","def","2011","2.1"
"Мальта","Відсотки за борг","deb","2011","3.2"
"Мальта","Всього","ttl","2011","41.4"
"Мальта","Державна служба","cle","2011","3.9"
"Мальта","Дороги і ЖКГ","hou","2011","1.5"
"Мальта","Медицина","med","2011","5.4"
"Мальта","Освіта","edu","2011","5.7"
"Мальта","Пенсії","old","2011","8"
"Мальта","Соціальний захист","soc","2011","5.7"
"Мальта","Безпека і оборона","def","2012","2.1"
"Мальта","Відсотки за борг","deb","2012","3"
"Мальта","Всього","ttl","2012","42.9"
"Мальта","Державна служба","cle","2012","4.3"
"Мальта","Дороги і ЖКГ","hou","2012","1.7"
"Мальта","Медицина","med","2012","5.5"
"Мальта","Освіта","edu","2012","5.7"
"Мальта","Пенсії","old","2012","8.2"
"Мальта","Соціальний захист","soc","2012","5.7"
"Мальта","Безпека і оборона","def","2013","2"
"Мальта","Відсотки за борг","deb","2013","2.9"
"Мальта","Всього","ttl","2013","42.4"
"Мальта","Державна служба","cle","2013","4.1"
"Мальта","Дороги і ЖКГ","hou","2013","1.2"
"Мальта","Медицина","med","2013","5.7"
"Мальта","Освіта","edu","2013","5.8"
"Мальта","Пенсії","old","2013","8.2"
"Мальта","Соціальний захист","soc","2013","5.6"
"Мальта","Безпека і оборона","def","2014","2.1"
"Мальта","Відсотки за борг","deb","2014","2.9"
"Мальта","Всього","ttl","2014","43.5"
"Мальта","Державна служба","cle","2014","4.2"
"Мальта","Дороги і ЖКГ","hou","2014","1.9"
"Мальта","Медицина","med","2014","6"
"Мальта","Освіта","edu","2014","5.8"
"Мальта","Пенсії","old","2014","8"
"Мальта","Соціальний захист","soc","2014","5.7"
"Польща","Безпека і оборона","def","1995",""
"Польща","Відсотки за борг","deb","1995",""
"Польща","Всього","ttl","1995",""
"Польща","Державна служба","cle","1995",""
"Польща","Дороги і ЖКГ","hou","1995",""
"Польща","Медицина","med","1995",""
"Польща","Освіта","edu","1995",""
"Польща","Пенсії","old","1995",""
"Польща","Соціальний захист","soc","1995",""
"Польща","Безпека і оборона","def","1996",""
"Польща","Відсотки за борг","deb","1996",""
"Польща","Всього","ttl","1996",""
"Польща","Державна служба","cle","1996",""
"Польща","Дороги і ЖКГ","hou","1996",""
"Польща","Медицина","med","1996",""
"Польща","Освіта","edu","1996",""
"Польща","Пенсії","old","1996",""
"Польща","Соціальний захист","soc","1996",""
"Польща","Безпека і оборона","def","1997",""
"Польща","Відсотки за борг","deb","1997",""
"Польща","Всього","ttl","1997",""
"Польща","Державна служба","cle","1997",""
"Польща","Дороги і ЖКГ","hou","1997",""
"Польща","Медицина","med","1997",""
"Польща","Освіта","edu","1997",""
"Польща","Пенсії","old","1997",""
"Польща","Соціальний захист","soc","1997",""
"Польща","Безпека і оборона","def","1998",""
"Польща","Відсотки за борг","deb","1998",""
"Польща","Всього","ttl","1998",""
"Польща","Державна служба","cle","1998",""
"Польща","Дороги і ЖКГ","hou","1998",""
"Польща","Медицина","med","1998",""
"Польща","Освіта","edu","1998",""
"Польща","Пенсії","old","1998",""
"Польща","Соціальний захист","soc","1998",""
"Польща","Безпека і оборона","def","1999",""
"Польща","Відсотки за борг","deb","1999",""
"Польща","Всього","ttl","1999",""
"Польща","Державна служба","cle","1999",""
"Польща","Дороги і ЖКГ","hou","1999",""
"Польща","Медицина","med","1999",""
"Польща","Освіта","edu","1999",""
"Польща","Пенсії","old","1999",""
"Польща","Соціальний захист","soc","1999",""
"Польща","Безпека і оборона","def","2000",""
"Польща","Відсотки за борг","deb","2000",""
"Польща","Всього","ttl","2000",""
"Польща","Державна служба","cle","2000",""
"Польща","Дороги і ЖКГ","hou","2000",""
"Польща","Медицина","med","2000",""
"Польща","Освіта","edu","2000",""
"Польща","Пенсії","old","2000",""
"Польща","Соціальний захист","soc","2000",""
"Польща","Безпека і оборона","def","2001",""
"Польща","Відсотки за борг","deb","2001",""
"Польща","Всього","ttl","2001",""
"Польща","Державна служба","cle","2001",""
"Польща","Дороги і ЖКГ","hou","2001",""
"Польща","Медицина","med","2001",""
"Польща","Освіта","edu","2001",""
"Польща","Пенсії","old","2001",""
"Польща","Соціальний захист","soc","2001",""
"Польща","Безпека і оборона","def","2002","3.7"
"Польща","Відсотки за борг","deb","2002","2.8"
"Польща","Всього","ttl","2002","40.1"
"Польща","Державна служба","cle","2002","3.7"
"Польща","Дороги і ЖКГ","hou","2002","3.7"
"Польща","Медицина","med","2002","3"
"Польща","Освіта","edu","2002","9.8"
"Польща","Пенсії","old","2002","4.4"
"Польща","Соціальний захист","soc","2002","4.9"
"Польща","Безпека і оборона","def","2003","3.9"
"Польща","Відсотки за борг","deb","2003","3.1"
"Польща","Всього","ttl","2003","40.8"
"Польща","Державна служба","cle","2003","4"
"Польща","Дороги і ЖКГ","hou","2003","3.9"
"Польща","Медицина","med","2003","2.9"
"Польща","Освіта","edu","2003","9.8"
"Польща","Пенсії","old","2003","4.4"
"Польща","Соціальний захист","soc","2003","4.8"
"Польща","Безпека і оборона","def","2004","3.8"
"Польща","Відсотки за борг","deb","2004","2.8"
"Польща","Всього","ttl","2004","38.8"
"Польща","Державна служба","cle","2004","3.9"
"Польща","Дороги і ЖКГ","hou","2004","3.5"
"Польща","Медицина","med","2004","2.9"
"Польща","Освіта","edu","2004","9.2"
"Польща","Пенсії","old","2004","4.4"
"Польща","Соціальний захист","soc","2004","4.2"
"Польща","Безпека і оборона","def","2005","3.9"
"Польща","Відсотки за борг","deb","2005","2.5"
"Польща","Всього","ttl","2005","38.7"
"Польща","Державна служба","cle","2005","3.5"
"Польща","Дороги і ЖКГ","hou","2005","3.9"
"Польща","Медицина","med","2005","3.1"
"Польща","Освіта","edu","2005","9.1"
"Польща","Пенсії","old","2005","4.4"
"Польща","Соціальний захист","soc","2005","4.3"
"Польща","Безпека і оборона","def","2006","4.2"
"Польща","Відсотки за борг","deb","2006","2.4"
"Польща","Всього","ttl","2006","39.5"
"Польща","Державна служба","cle","2006","3.5"
"Польща","Дороги і ЖКГ","hou","2006","4"
"Польща","Медицина","med","2006","3.3"
"Польща","Освіта","edu","2006","9.1"
"Польща","Пенсії","old","2006","4.2"
"Польща","Соціальний захист","soc","2006","4.5"
"Польща","Безпека і оборона","def","2007","4.4"
"Польща","Відсотки за борг","deb","2007","2.2"
"Польща","Всього","ttl","2007","38.9"
"Польща","Державна служба","cle","2007","3.3"
"Польща","Дороги і ЖКГ","hou","2007","4.2"
"Польща","Медицина","med","2007","3.2"
"Польща","Освіта","edu","2007","8.7"
"Польща","Пенсії","old","2007","4"
"Польща","Соціальний захист","soc","2007","4.4"
"Польща","Безпека і оборона","def","2008","4.4"
"Польща","Відсотки за борг","deb","2008","2.2"
"Польща","Всього","ttl","2008","40.4"
"Польща","Державна служба","cle","2008","3.1"
"Польща","Дороги і ЖКГ","hou","2008","4.5"
"Польща","Медицина","med","2008","3.5"
"Польща","Освіта","edu","2008","8.7"
"Польща","Пенсії","old","2008","4.4"
"Польща","Соціальний захист","soc","2008","4.5"
"Польща","Безпека і оборона","def","2009","4.1"
"Польща","Відсотки за борг","deb","2009","2.5"
"Польща","Всього","ttl","2009","40.7"
"Польща","Державна служба","cle","2009","3.2"
"Польща","Дороги і ЖКГ","hou","2009","5.2"
"Польща","Медицина","med","2009","3.5"
"Польща","Освіта","edu","2009","7.8"
"Польща","Пенсії","old","2009","4.8"
"Польща","Соціальний захист","soc","2009","4.7"
"Польща","Безпека і оборона","def","2010","4.1"
"Польща","Відсотки за борг","deb","2010","2.5"
"Польща","Всього","ttl","2010","42.3"
"Польща","Державна служба","cle","2010","3.3"
"Польща","Дороги і ЖКГ","hou","2010","5.4"
"Польща","Медицина","med","2010","3.5"
"Польща","Освіта","edu","2010","8"
"Польща","Пенсії","old","2010","5.5"
"Польща","Соціальний захист","soc","2010","5"
"Польща","Безпека і оборона","def","2011","4"
"Польща","Відсотки за борг","deb","2011","2.6"
"Польща","Всього","ttl","2011","39.6"
"Польща","Державна служба","cle","2011","3.1"
"Польща","Дороги і ЖКГ","hou","2011","5.3"
"Польща","Медицина","med","2011","3.3"
"Польща","Освіта","edu","2011","7.9"
"Польща","Пенсії","old","2011","4.6"
"Польща","Соціальний захист","soc","2011","4.5"
"Польща","Безпека і оборона","def","2012","3.9"
"Польща","Відсотки за борг","deb","2012","2.7"
"Польща","Всього","ttl","2012","37.8"
"Польща","Державна служба","cle","2012","3.1"
"Польща","Дороги і ЖКГ","hou","2012","4.4"
"Польща","Медицина","med","2012","3.2"
"Польща","Освіта","edu","2012","7.8"
"Польща","Пенсії","old","2012","4.3"
"Польща","Соціальний захист","soc","2012","4.3"
"Польща","Безпека і оборона","def","2013","4.1"
"Польща","Відсотки за борг","deb","2013","2.6"
"Польща","Всього","ttl","2013","37"
"Польща","Державна служба","cle","2013","3.3"
"Польща","Дороги і ЖКГ","hou","2013","3.8"
"Польща","Медицина","med","2013","3.3"
"Польща","Освіта","edu","2013","7.7"
"Польща","Пенсії","old","2013","4.2"
"Польща","Соціальний захист","soc","2013","4.3"
"Польща","Безпека і оборона","def","2014","3.9"
"Польща","Відсотки за борг","deb","2014","2"
"Польща","Всього","ttl","2014","36"
"Польща","Державна служба","cle","2014","3.3"
"Польща","Дороги і ЖКГ","hou","2014","4.3"
"Польща","Медицина","med","2014","3.2"
"Польща","Освіта","edu","2014","7.7"
"Польща","Пенсії","old","2014","3.6"
"Польща","Соціальний захист","soc","2014","3.9"
"Словенія","Безпека і оборона","def","1995",""
"Словенія","Відсотки за борг","deb","1995",""
"Словенія","Всього","ttl","1995",""
"Словенія","Державна служба","cle","1995",""
"Словенія","Дороги і ЖКГ","hou","1995",""
"Словенія","Медицина","med","1995",""
"Словенія","Освіта","edu","1995",""
"Словенія","Пенсії","old","1995",""
"Словенія","Соціальний захист","soc","1995",""
"Словенія","Безпека і оборона","def","1996",""
"Словенія","Відсотки за борг","deb","1996",""
"Словенія","Всього","ttl","1996",""
"Словенія","Державна служба","cle","1996",""
"Словенія","Дороги і ЖКГ","hou","1996",""
"Словенія","Медицина","med","1996",""
"Словенія","Освіта","edu","1996",""
"Словенія","Пенсії","old","1996",""
"Словенія","Соціальний захист","soc","1996",""
"Словенія","Безпека і оборона","def","1997",""
"Словенія","Відсотки за борг","deb","1997",""
"Словенія","Всього","ttl","1997",""
"Словенія","Державна служба","cle","1997",""
"Словенія","Дороги і ЖКГ","hou","1997",""
"Словенія","Медицина","med","1997",""
"Словенія","Освіта","edu","1997",""
"Словенія","Пенсії","old","1997",""
"Словенія","Соціальний захист","soc","1997",""
"Словенія","Безпека і оборона","def","1998",""
"Словенія","Відсотки за борг","deb","1998",""
"Словенія","Всього","ttl","1998",""
"Словенія","Державна служба","cle","1998",""
"Словенія","Дороги і ЖКГ","hou","1998",""
"Словенія","Медицина","med","1998",""
"Словенія","Освіта","edu","1998",""
"Словенія","Пенсії","old","1998",""
"Словенія","Соціальний захист","soc","1998",""
"Словенія","Безпека і оборона","def","1999","2.8"
"Словенія","Відсотки за борг","deb","1999","2.5"
"Словенія","Всього","ttl","1999","38.1"
"Словенія","Державна служба","cle","1999","3.4"
"Словенія","Дороги і ЖКГ","hou","1999","3.5"
"Словенія","Медицина","med","1999","4.6"
"Словенія","Освіта","edu","1999","8.5"
"Словенія","Пенсії","old","1999","3.3"
"Словенія","Соціальний захист","soc","1999","4.8"
"Словенія","Безпека і оборона","def","2000","2.9"
"Словенія","Відсотки за борг","deb","2000","2.4"
"Словенія","Всього","ttl","2000","37.7"
"Словенія","Державна служба","cle","2000","3.8"
"Словенія","Дороги і ЖКГ","hou","2000","3.5"
"Словенія","Медицина","med","2000","4.6"
"Словенія","Освіта","edu","2000","8"
"Словенія","Пенсії","old","2000","3"
"Словенія","Соціальний захист","soc","2000","4.9"
"Словенія","Безпека і оборона","def","2001","3.1"
"Словенія","Відсотки за борг","deb","2001","2.4"
"Словенія","Всього","ttl","2001","38.6"
"Словенія","Державна служба","cle","2001","4.6"
"Словенія","Дороги і ЖКГ","hou","2001","3.1"
"Словенія","Медицина","med","2001","4.6"
"Словенія","Освіта","edu","2001","8.4"
"Словенія","Пенсії","old","2001","3.2"
"Словенія","Соціальний захист","soc","2001","4.8"
"Словенія","Безпека і оборона","def","2002","3"
"Словенія","Відсотки за борг","deb","2002","2.3"
"Словенія","Всього","ttl","2002","37.7"
"Словенія","Державна служба","cle","2002","3.8"
"Словенія","Дороги і ЖКГ","hou","2002","2.6"
"Словенія","Медицина","med","2002","4.5"
"Словенія","Освіта","edu","2002","8.4"
"Словенія","Пенсії","old","2002","3.4"
"Словенія","Соціальний захист","soc","2002","4.8"
"Словенія","Безпека і оборона","def","2003","3.1"
"Словенія","Відсотки за борг","deb","2003","2"
"Словенія","Всього","ttl","2003","38"
"Словенія","Державна служба","cle","2003","3.9"
"Словенія","Дороги і ЖКГ","hou","2003","3"
"Словенія","Медицина","med","2003","4.5"
"Словенія","Освіта","edu","2003","8.4"
"Словенія","Пенсії","old","2003","3.3"
"Словенія","Соціальний захист","soc","2003","4.8"
"Словенія","Безпека і оборона","def","2004","3.1"
"Словенія","Відсотки за борг","deb","2004","1.8"
"Словенія","Всього","ttl","2004","37.7"
"Словенія","Державна служба","cle","2004","4.1"
"Словенія","Дороги і ЖКГ","hou","2004","2.8"
"Словенія","Медицина","med","2004","4.4"
"Словенія","Освіта","edu","2004","8.9"
"Словенія","Пенсії","old","2004","3.2"
"Словенія","Соціальний захист","soc","2004","4.9"
"Словенія","Безпека і оборона","def","2005","3"
"Словенія","Відсотки за борг","deb","2005","1.6"
"Словенія","Всього","ttl","2005","38.1"
"Словенія","Державна служба","cle","2005","4.4"
"Словенія","Дороги і ЖКГ","hou","2005","2.6"
"Словенія","Медицина","med","2005","4.9"
"Словенія","Освіта","edu","2005","9.1"
"Словенія","Пенсії","old","2005","3.2"
"Словенія","Соціальний захист","soc","2005","5"
"Словенія","Безпека і оборона","def","2006","3.1"
"Словенія","Відсотки за борг","deb","2006","1.5"
"Словенія","Всього","ttl","2006","36.8"
"Словенія","Державна служба","cle","2006","4.2"
"Словенія","Дороги і ЖКГ","hou","2006","2.6"
"Словенія","Медицина","med","2006","4.2"
"Словенія","Освіта","edu","2006","8.9"
"Словенія","Пенсії","old","2006","3"
"Словенія","Соціальний захист","soc","2006","4.8"
"Словенія","Безпека і оборона","def","2007","3.1"
"Словенія","Відсотки за борг","deb","2007","1.2"
"Словенія","Всього","ttl","2007","34.5"
"Словенія","Державна служба","cle","2007","4.5"
"Словенія","Дороги і ЖКГ","hou","2007","2.7"
"Словенія","Медицина","med","2007","3.9"
"Словенія","Освіта","edu","2007","7.9"
"Словенія","Пенсії","old","2007","2.7"
"Словенія","Соціальний захист","soc","2007","4.3"
"Словенія","Безпека і оборона","def","2008","3.1"
"Словенія","Відсотки за борг","deb","2008","1.1"
"Словенія","Всього","ttl","2008","36"
"Словенія","Державна служба","cle","2008","4.3"
"Словенія","Дороги і ЖКГ","hou","2008","3.2"
"Словенія","Медицина","med","2008","4.1"
"Словенія","Освіта","edu","2008","8.1"
"Словенія","Пенсії","old","2008","2.6"
"Словенія","Соціальний захист","soc","2008","4.5"
"Словенія","Безпека і оборона","def","2009","3.3"
"Словенія","Відсотки за борг","deb","2009","1.4"
"Словенія","Всього","ttl","2009","40.2"
"Словенія","Державна служба","cle","2009","4.5"
"Словенія","Дороги і ЖКГ","hou","2009","3.2"
"Словенія","Медицина","med","2009","4.6"
"Словенія","Освіта","edu","2009","9.1"
"Словенія","Пенсії","old","2009","3"
"Словенія","Соціальний захист","soc","2009","5.6"
"Словенія","Безпека і оборона","def","2010","3.4"
"Словенія","Відсотки за борг","deb","2010","1.7"
"Словенія","Всього","ttl","2010","40.6"
"Словенія","Державна служба","cle","2010","4.1"
"Словенія","Дороги і ЖКГ","hou","2010","3"
"Словенія","Медицина","med","2010","4.8"
"Словенія","Освіта","edu","2010","8.6"
"Словенія","Пенсії","old","2010","3.2"
"Словенія","Соціальний захист","soc","2010","5.9"
"Словенія","Безпека і оборона","def","2011","3"
"Словенія","Відсотки за борг","deb","2011","2.1"
"Словенія","Всього","ttl","2011","41.8"
"Словенія","Державна служба","cle","2011","4"
"Словенія","Дороги і ЖКГ","hou","2011","3.2"
"Словенія","Медицина","med","2011","4.9"
"Словенія","Освіта","edu","2011","8.4"
"Словенія","Пенсії","old","2011","3.5"
"Словенія","Соціальний захист","soc","2011","6.5"
"Словенія","Безпека і оборона","def","2012","2.8"
"Словенія","Відсотки за борг","deb","2012","2.2"
"Словенія","Всього","ttl","2012","39.8"
"Словенія","Державна служба","cle","2012","3.8"
"Словенія","Дороги і ЖКГ","hou","2012","2.8"
"Словенія","Медицина","med","2012","5"
"Словенія","Освіта","edu","2012","8.4"
"Словенія","Пенсії","old","2012","3.4"
"Словенія","Соціальний захист","soc","2012","6"
"Словенія","Безпека і оборона","def","2013","2.9"
"Словенія","Відсотки за борг","deb","2013","2.7"
"Словенія","Всього","ttl","2013","52.1"
"Словенія","Державна служба","cle","2013","4.2"
"Словенія","Дороги і ЖКГ","hou","2013","3.3"
"Словенія","Медицина","med","2013","5"
"Словенія","Освіта","edu","2013","8.5"
"Словенія","Пенсії","old","2013","3.9"
"Словенія","Соціальний захист","soc","2013","6"
"Словенія","Безпека і оборона","def","2014","2.5"
"Словенія","Відсотки за борг","deb","2014","3.4"
"Словенія","Всього","ttl","2014","42.4"
"Словенія","Державна служба","cle","2014","4.2"
"Словенія","Дороги і ЖКГ","hou","2014","3.5"
"Словенія","Медицина","med","2014","4.6"
"Словенія","Освіта","edu","2014","7.7"
"Словенія","Пенсії","old","2014","3.8"
"Словенія","Соціальний захист","soc","2014","5.7"
"Угорщина","Безпека і оборона","def","1995","2.7"
"Угорщина","Відсотки за борг","deb","1995","9.2"
"Угорщина","Всього","ttl","1995","50.7"
"Угорщина","Державна служба","cle","1995","4.7"
"Угорщина","Дороги і ЖКГ","hou","1995","3.6"
"Угорщина","Медицина","med","1995","4.3"
"Угорщина","Освіта","edu","1995","7.2"
"Угорщина","Пенсії","old","1995","1.2"
"Угорщина","Соціальний захист","soc","1995","8.3"
"Угорщина","Безпека і оборона","def","1996","2.9"
"Угорщина","Відсотки за борг","deb","1996","9.3"
"Угорщина","Всього","ttl","1996","47.5"
"Угорщина","Державна служба","cle","1996","4.6"
"Угорщина","Дороги і ЖКГ","hou","1996","3.5"
"Угорщина","Медицина","med","1996","4.7"
"Угорщина","Освіта","edu","1996","7.3"
"Угорщина","Пенсії","old","1996","1.5"
"Угорщина","Соціальний захист","soc","1996","6.7"
"Угорщина","Безпека і оборона","def","1997","3.2"
"Угорщина","Відсотки за борг","deb","1997","8.7"
"Угорщина","Всього","ttl","1997","44.7"
"Угорщина","Державна служба","cle","1997","4.3"
"Угорщина","Дороги і ЖКГ","hou","1997","3.2"
"Угорщина","Медицина","med","1997","3.6"
"Угорщина","Освіта","edu","1997","7.2"
"Угорщина","Пенсії","old","1997","1.3"
"Угорщина","Соціальний захист","soc","1997","6.7"
"Угорщина","Безпека і оборона","def","1998","3.2"
"Угорщина","Відсотки за борг","deb","1998","7.3"
"Угорщина","Всього","ttl","1998","45.4"
"Угорщина","Державна служба","cle","1998","5.1"
"Угорщина","Дороги і ЖКГ","hou","1998","3.3"
"Угорщина","Медицина","med","1998","3.8"
"Угорщина","Освіта","edu","1998","7"
"Угорщина","Пенсії","old","1998","0.5"
"Угорщина","Соціальний захист","soc","1998","6.7"
"Угорщина","Безпека і оборона","def","1999","3.2"
"Угорщина","Відсотки за борг","deb","1999","7"
"Угорщина","Всього","ttl","1999","43.8"
"Угорщина","Державна служба","cle","1999","5.1"
"Угорщина","Дороги і ЖКГ","hou","1999","3.7"
"Угорщина","Медицина","med","1999","3.8"
"Угорщина","Освіта","edu","1999","7"
"Угорщина","Пенсії","old","1999","1.2"
"Угорщина","Соціальний захист","soc","1999","6.4"
"Угорщина","Безпека і оборона","def","2000","3.3"
"Угорщина","Відсотки за борг","deb","2000","5.4"
"Угорщина","Всього","ttl","2000","41.6"
"Угорщина","Державна служба","cle","2000","4.8"
"Угорщина","Дороги і ЖКГ","hou","2000","3.7"
"Угорщина","Медицина","med","2000","4.1"
"Угорщина","Освіта","edu","2000","7.1"
"Угорщина","Пенсії","old","2000","0.8"
"Угорщина","Соціальний захист","soc","2000","5.7"
"Угорщина","Безпека і оборона","def","2001","3.4"
"Угорщина","Відсотки за борг","deb","2001","4.7"
"Угорщина","Всього","ttl","2001","42.6"
"Угорщина","Державна служба","cle","2001","6.4"
"Угорщина","Дороги і ЖКГ","hou","2001","3.1"
"Угорщина","Медицина","med","2001","3.9"
"Угорщина","Освіта","edu","2001","7.1"
"Угорщина","Пенсії","old","2001","1.3"
"Угорщина","Соціальний захист","soc","2001","5.5"
"Угорщина","Безпека і оборона","def","2002","3.8"
"Угорщина","Відсотки за борг","deb","2002","4.1"
"Угорщина","Всього","ttl","2002","45.9"
"Угорщина","Державна служба","cle","2002","5.9"
"Угорщина","Дороги і ЖКГ","hou","2002","3.8"
"Угорщина","Медицина","med","2002","4.3"
"Угорщина","Освіта","edu","2002","7.4"
"Угорщина","Пенсії","old","2002","2"
"Угорщина","Соціальний захист","soc","2002","5.7"
"Угорщина","Безпека і оборона","def","2003","3.5"
"Угорщина","Відсотки за борг","deb","2003","4.1"
"Угорщина","Всього","ttl","2003","44.2"
"Угорщина","Державна служба","cle","2003","5.2"
"Угорщина","Дороги і ЖКГ","hou","2003","2.6"
"Угорщина","Медицина","med","2003","4.4"
"Угорщина","Освіта","edu","2003","8.6"
"Угорщина","Пенсії","old","2003","1.8"
"Угорщина","Соціальний захист","soc","2003","6.3"
"Угорщина","Безпека і оборона","def","2004","3.3"
"Угорщина","Відсотки за борг","deb","2004","4.4"
"Угорщина","Всього","ttl","2004","44.1"
"Угорщина","Державна служба","cle","2004","5.7"
"Угорщина","Дороги і ЖКГ","hou","2004","3"
"Угорщина","Медицина","med","2004","4.8"
"Угорщина","Освіта","edu","2004","7.9"
"Угорщина","Пенсії","old","2004","2.1"
"Угорщина","Соціальний захист","soc","2004","6.4"
"Угорщина","Безпека і оборона","def","2005","3.4"
"Угорщина","Відсотки за борг","deb","2005","4.2"
"Угорщина","Всього","ttl","2005","45.1"
"Угорщина","Державна служба","cle","2005","5.5"
"Угорщина","Дороги і ЖКГ","hou","2005","3.6"
"Угорщина","Медицина","med","2005","4.9"
"Угорщина","Освіта","edu","2005","7.9"
"Угорщина","Пенсії","old","2005","2.5"
"Угорщина","Соціальний захист","soc","2005","7"
"Угорщина","Безпека і оборона","def","2006","3.6"
"Угорщина","Відсотки за борг","deb","2006","3.8"
"Угорщина","Всього","ttl","2006","48.6"
"Угорщина","Державна служба","cle","2006","5.9"
"Угорщина","Дороги і ЖКГ","hou","2006","4.8"
"Угорщина","Медицина","med","2006","6.1"
"Угорщина","Освіта","edu","2006","7.7"
"Угорщина","Пенсії","old","2006","3.1"
"Угорщина","Соціальний захист","soc","2006","7.3"
"Угорщина","Безпека і оборона","def","2007","3.2"
"Угорщина","Відсотки за борг","deb","2007","4.1"
"Угорщина","Всього","ttl","2007","44.5"
"Угорщина","Державна служба","cle","2007","5.7"
"Угорщина","Дороги і ЖКГ","hou","2007","5.2"
"Угорщина","Медицина","med","2007","4.5"
"Угорщина","Освіта","edu","2007","7.3"
"Угорщина","Пенсії","old","2007","2.1"
"Угорщина","Соціальний захист","soc","2007","6.6"
"Угорщина","Безпека і оборона","def","2008","3.2"
"Угорщина","Відсотки за борг","deb","2008","4.1"
"Угорщина","Всього","ttl","2008","43.9"
"Угорщина","Державна служба","cle","2008","6.9"
"Угорщина","Дороги і ЖКГ","hou","2008","4.5"
"Угорщина","Медицина","med","2008","4"
"Угорщина","Освіта","edu","2008","7"
"Угорщина","Пенсії","old","2008","2"
"Угорщина","Соціальний захист","soc","2008","6.8"
"Угорщина","Безпека і оборона","def","2009","3"
"Угорщина","Відсотки за борг","deb","2009","4.6"
"Угорщина","Всього","ttl","2009","45.7"
"Угорщина","Державна служба","cle","2009","6.8"
"Угорщина","Дороги і ЖКГ","hou","2009","4.7"
"Угорщина","Медицина","med","2009","4.2"
"Угорщина","Освіта","edu","2009","7.1"
"Угорщина","Пенсії","old","2009","2.7"
"Угорщина","Соціальний захист","soc","2009","7.2"
"Угорщина","Безпека і оборона","def","2010","3.2"
"Угорщина","Відсотки за борг","deb","2010","4.2"
"Угорщина","Всього","ttl","2010","46"
"Угорщина","Державна служба","cle","2010","5.6"
"Угорщина","Дороги і ЖКГ","hou","2010","4.3"
"Угорщина","Медицина","med","2010","5.3"
"Угорщина","Освіта","edu","2010","7.2"
"Угорщина","Пенсії","old","2010","0.4"
"Угорщина","Соціальний захист","soc","2010","8.8"
"Угорщина","Безпека і оборона","def","2011","3.2"
"Угорщина","Відсотки за борг","deb","2011","4.2"
"Угорщина","Всього","ttl","2011","45.4"
"Угорщина","Державна служба","cle","2011","5.2"
"Угорщина","Дороги і ЖКГ","hou","2011","4.7"
"Угорщина","Медицина","med","2011","5.3"
"Угорщина","Освіта","edu","2011","6.5"
"Угорщина","Пенсії","old","2011","0.5"
"Угорщина","Соціальний захист","soc","2011","7.1"
"Угорщина","Безпека і оборона","def","2012","2.6"
"Угорщина","Відсотки за борг","deb","2012","4.4"
"Угорщина","Всього","ttl","2012","42.8"
"Угорщина","Державна служба","cle","2012","5.2"
"Угорщина","Дороги і ЖКГ","hou","2012","4.4"
"Угорщина","Медицина","med","2012","5.3"
"Угорщина","Освіта","edu","2012","5.9"
"Угорщина","Пенсії","old","2012","1.4"
"Угорщина","Соціальний захист","soc","2012","5.3"
"Угорщина","Безпека і оборона","def","2013","2.7"
"Угорщина","Відсотки за борг","deb","2013","4.3"
"Угорщина","Всього","ttl","2013","44.8"
"Угорщина","Державна служба","cle","2013","5.9"
"Угорщина","Дороги і ЖКГ","hou","2013","4.6"
"Угорщина","Медицина","med","2013","6.3"
"Угорщина","Освіта","edu","2013","5.3"
"Угорщина","Пенсії","old","2013","1.1"
"Угорщина","Соціальний захист","soc","2013","4.9"
"Угорщина","Безпека і оборона","def","2014","2.5"
"Угорщина","Відсотки за борг","deb","2014","3.8"
"Угорщина","Всього","ttl","2014","44.4"
"Угорщина","Державна служба","cle","2014","6.2"
"Угорщина","Дороги і ЖКГ","hou","2014","5.5"
"Угорщина","Медицина","med","2014","6"
"Угорщина","Освіта","edu","2014","5.6"
"Угорщина","Пенсії","old","2014","0.9"
"Угорщина","Соціальний захист","soc","2014","4.4"
"Україна","Безпека і оборона","def","1995",""
"Україна","Відсотки за борг","deb","1995",""
"Україна","Всього","ttl","1995",""
"Україна","Державна служба","cle","1995",""
"Україна","Дороги і ЖКГ","hou","1995",""
"Україна","Медицина","med","1995",""
"Україна","Освіта","edu","1995",""
"Україна","Пенсії","old","1995",""
"Україна","Соціальний захист","soc","1995",""
"Україна","Безпека і оборона","def","1996",""
"Україна","Відсотки за борг","deb","1996",""
"Україна","Всього","ttl","1996",""
"Україна","Державна служба","cle","1996",""
"Україна","Дороги і ЖКГ","hou","1996",""
"Україна","Медицина","med","1996",""
"Україна","Освіта","edu","1996",""
"Україна","Пенсії","old","1996",""
"Україна","Соціальний захист","soc","1996",""
"Україна","Безпека і оборона","def","1997",""
"Україна","Відсотки за борг","deb","1997",""
"Україна","Всього","ttl","1997",""
"Україна","Державна служба","cle","1997",""
"Україна","Дороги і ЖКГ","hou","1997",""
"Україна","Медицина","med","1997",""
"Україна","Освіта","edu","1997",""
"Україна","Пенсії","old","1997",""
"Україна","Соціальний захист","soc","1997",""
"Україна","Безпека і оборона","def","1998",""
"Україна","Відсотки за борг","deb","1998",""
"Україна","Всього","ttl","1998",""
"Україна","Державна служба","cle","1998",""
"Україна","Дороги і ЖКГ","hou","1998",""
"Україна","Медицина","med","1998",""
"Україна","Освіта","edu","1998",""
"Україна","Пенсії","old","1998",""
"Україна","Соціальний захист","soc","1998",""
"Україна","Безпека і оборона","def","1999",""
"Україна","Відсотки за борг","deb","1999",""
"Україна","Всього","ttl","1999",""
"Україна","Державна служба","cle","1999",""
"Україна","Дороги і ЖКГ","hou","1999",""
"Україна","Медицина","med","1999",""
"Україна","Освіта","edu","1999",""
"Україна","Пенсії","old","1999",""
"Україна","Соціальний захист","soc","1999",""
"Україна","Безпека і оборона","def","2000",""
"Україна","Відсотки за борг","deb","2000",""
"Україна","Всього","ttl","2000",""
"Україна","Державна служба","cle","2000",""
"Україна","Дороги і ЖКГ","hou","2000",""
"Україна","Медицина","med","2000",""
"Україна","Освіта","edu","2000",""
"Україна","Пенсії","old","2000",""
"Україна","Соціальний захист","soc","2000",""
"Україна","Безпека і оборона","def","2001",""
"Україна","Відсотки за борг","deb","2001",""
"Україна","Всього","ttl","2001",""
"Україна","Державна служба","cle","2001",""
"Україна","Дороги і ЖКГ","hou","2001",""
"Україна","Медицина","med","2001",""
"Україна","Освіта","edu","2001",""
"Україна","Пенсії","old","2001",""
"Україна","Соціальний захист","soc","2001",""
"Україна","Безпека і оборона","def","2002",""
"Україна","Відсотки за борг","deb","2002",""
"Україна","Всього","ttl","2002",""
"Україна","Державна служба","cle","2002",""
"Україна","Дороги і ЖКГ","hou","2002",""
"Україна","Медицина","med","2002",""
"Україна","Освіта","edu","2002",""
"Україна","Пенсії","old","2002",""
"Україна","Соціальний захист","soc","2002",""
"Україна","Безпека і оборона","def","2003",""
"Україна","Відсотки за борг","deb","2003",""
"Україна","Всього","ttl","2003",""
"Україна","Державна служба","cle","2003",""
"Україна","Дороги і ЖКГ","hou","2003",""
"Україна","Медицина","med","2003",""
"Україна","Освіта","edu","2003",""
"Україна","Пенсії","old","2003",""
"Україна","Соціальний захист","soc","2003",""
"Україна","Безпека і оборона","def","2004","4.1"
"Україна","Відсотки за борг","deb","2004","0.9"
"Україна","Всього","ttl","2004","29.3"
"Україна","Державна служба","cle","2004","2.6"
"Україна","Дороги і ЖКГ","hou","2004","2.7"
"Україна","Медицина","med","2004","3.5"
"Україна","Освіта","edu","2004","5.3"
"Україна","Пенсії","old","2004","2.7"
"Україна","Соціальний захист","soc","2004","2.9"
"Україна","Безпека і оборона","def","2005","3.7"
"Україна","Відсотки за борг","deb","2005","0.8"
"Україна","Всього","ttl","2005","32.1"
"Україна","Державна служба","cle","2005","2.8"
"Україна","Дороги і ЖКГ","hou","2005","2.1"
"Україна","Медицина","med","2005","3.5"
"Україна","Освіта","edu","2005","6.1"
"Україна","Пенсії","old","2005","6.5"
"Україна","Соціальний захист","soc","2005","2.5"
"Україна","Безпека і оборона","def","2006","3.5"
"Україна","Відсотки за борг","deb","2006","0.6"
"Україна","Всього","ttl","2006","32.2"
"Україна","Державна служба","cle","2006","3"
"Україна","Дороги і ЖКГ","hou","2006","3.1"
"Україна","Медицина","med","2006","3.6"
"Україна","Освіта","edu","2006","6.2"
"Україна","Пенсії","old","2006","4.9"
"Україна","Соціальний захист","soc","2006","2.7"
"Україна","Безпека і оборона","def","2007","3.9"
"Україна","Відсотки за борг","deb","2007","0.5"
"Україна","Всього","ttl","2007","31.4"
"Україна","Державна служба","cle","2007","2.9"
"Україна","Дороги і ЖКГ","hou","2007","2.8"
"Україна","Медицина","med","2007","3.7"
"Україна","Освіта","edu","2007","6.2"
"Україна","Пенсії","old","2007","3.6"
"Україна","Соціальний захист","soc","2007","3.1"
"Україна","Безпека і оборона","def","2008","4.1"
"Україна","Відсотки за борг","deb","2008","0.4"
"Україна","Всього","ttl","2008","32.6"
"Україна","Державна служба","cle","2008","2.8"
"Україна","Дороги і ЖКГ","hou","2008","2.4"
"Україна","Медицина","med","2008","3.5"
"Україна","Освіта","edu","2008","6.4"
"Україна","Пенсії","old","2008","4.5"
"Україна","Соціальний захист","soc","2008","3.3"
"Україна","Безпека і оборона","def","2009","3.8"
"Україна","Відсотки за борг","deb","2009","1.1"
"Україна","Всього","ttl","2009","33.6"
"Україна","Державна служба","cle","2009","2.6"
"Україна","Дороги і ЖКГ","hou","2009","2.3"
"Україна","Медицина","med","2009","4"
"Україна","Освіта","edu","2009","7.3"
"Україна","Пенсії","old","2009","5.5"
"Україна","Соціальний захист","soc","2009","3.1"
"Україна","Безпека і оборона","def","2010","3.7"
"Україна","Відсотки за борг","deb","2010","1.5"
"Україна","Всього","ttl","2010","34.9"
"Україна","Державна служба","cle","2010","2.6"
"Україна","Дороги і ЖКГ","hou","2010","1.9"
"Україна","Медицина","med","2010","4.1"
"Україна","Освіта","edu","2010","7.4"
"Україна","Пенсії","old","2010","6.2"
"Україна","Соціальний захист","soc","2010","3.5"
"Україна","Безпека і оборона","def","2011","3.5"
"Україна","Відсотки за борг","deb","2011","1.8"
"Україна","Всього","ttl","2011","32"
"Україна","Державна служба","cle","2011","2"
"Україна","Дороги і ЖКГ","hou","2011","2.1"
"Україна","Медицина","med","2011","3.8"
"Україна","Освіта","edu","2011","6.6"
"Україна","Пенсії","old","2011","4.7"
"Україна","Соціальний захист","soc","2011","3.4"
"Україна","Безпека і оборона","def","2012","3.6"
"Україна","Відсотки за борг","deb","2012","1.8"
"Україна","Всього","ttl","2012","34.9"
"Україна","Державна служба","cle","2012","2.1"
"Україна","Дороги і ЖКГ","hou","2012","2.6"
"Україна","Медицина","med","2012","4.1"
"Україна","Освіта","edu","2012","7.2"
"Україна","Пенсії","old","2012","4.8"
"Україна","Соціальний захист","soc","2012","4"
"Україна","Безпека і оборона","def","2013","3.7"
"Україна","Відсотки за борг","deb","2013","2.3"
"Україна","Всього","ttl","2013","34.9"
"Україна","Державна служба","cle","2013","2"
"Україна","Дороги і ЖКГ","hou","2013","1.7"
"Україна","Медицина","med","2013","4.2"
"Україна","Освіта","edu","2013","7.3"
"Україна","Пенсії","old","2013","6"
"Україна","Соціальний захист","soc","2013","4"
"Україна","Безпека і оборона","def","2014","4.6"
"Україна","Відсотки за борг","deb","2014","3.2"
"Україна","Всього","ttl","2014","33.4"
"Україна","Державна служба","cle","2014","1.7"
"Україна","Дороги і ЖКГ","hou","2014","2.3"
"Україна","Медицина","med","2014","3.6"
"Україна","Освіта","edu","2014","6.4"
"Україна","Пенсії","old","2014","5.1"
"Україна","Соціальний захист","soc","2014","3.7"
"Чехія","Безпека і оборона","def","1995","3.6"
"Чехія","Відсотки за борг","deb","1995","1"
"Чехія","Всього","ttl","1995","53.1"
"Чехія","Державна служба","cle","1995","3.4"
"Чехія","Дороги і ЖКГ","hou","1995","8.7"
"Чехія","Медицина","med","1995","1.5"
"Чехія","Освіта","edu","1995","7.7"
"Чехія","Пенсії","old","1995","6"
"Чехія","Соціальний захист","soc","1995","5.3"
"Чехія","Безпека і оборона","def","1996","3.5"
"Чехія","Відсотки за борг","deb","1996","1.1"
"Чехія","Всього","ttl","1996","44.8"
"Чехія","Державна служба","cle","1996","3.8"
"Чехія","Дороги і ЖКГ","hou","1996","6.6"
"Чехія","Медицина","med","1996","1.9"
"Чехія","Освіта","edu","1996","8.1"
"Чехія","Пенсії","old","1996","6"
"Чехія","Соціальний захист","soc","1996","5.8"
"Чехія","Безпека і оборона","def","1997","3.7"
"Чехія","Відсотки за борг","deb","1997","1.1"
"Чехія","Всього","ttl","1997","40"
"Чехія","Державна служба","cle","1997","3.2"
"Чехія","Дороги і ЖКГ","hou","1997","5.4"
"Чехія","Медицина","med","1997","1.4"
"Чехія","Освіта","edu","1997","6.2"
"Чехія","Пенсії","old","1997","6.1"
"Чехія","Соціальний захист","soc","1997","6"
"Чехія","Безпека і оборона","def","1998","3.2"
"Чехія","Відсотки за борг","deb","1998","1"
"Чехія","Всього","ttl","1998","41"
"Чехія","Державна служба","cle","1998","3.2"
"Чехія","Дороги і ЖКГ","hou","1998","5.9"
"Чехія","Медицина","med","1998","1.6"
"Чехія","Освіта","edu","1998","6.6"
"Чехія","Пенсії","old","1998","6"
"Чехія","Соціальний захист","soc","1998","5.9"
"Чехія","Безпека і оборона","def","1999","3.6"
"Чехія","Відсотки за борг","deb","1999","0.9"
"Чехія","Всього","ttl","1999","39.3"
"Чехія","Державна служба","cle","1999","3.5"
"Чехія","Дороги і ЖКГ","hou","1999","5.3"
"Чехія","Медицина","med","1999","1.6"
"Чехія","Освіта","edu","1999","6.2"
"Чехія","Пенсії","old","1999","6.1"
"Чехія","Соціальний захист","soc","1999","6.1"
"Чехія","Безпека і оборона","def","2000","3.6"
"Чехія","Відсотки за борг","deb","2000","0.8"
"Чехія","Всього","ttl","2000","39"
"Чехія","Державна служба","cle","2000","3.6"
"Чехія","Дороги і ЖКГ","hou","2000","5.3"
"Чехія","Медицина","med","2000","1.5"
"Чехія","Освіта","edu","2000","6.4"
"Чехія","Пенсії","old","2000","6.3"
"Чехія","Соціальний захист","soc","2000","6.2"
"Чехія","Безпека і оборона","def","2001","3.6"
"Чехія","Відсотки за борг","deb","2001","1"
"Чехія","Всього","ttl","2001","41.4"
"Чехія","Державна служба","cle","2001","3.7"
"Чехія","Дороги і ЖКГ","hou","2001","5.7"
"Чехія","Медицина","med","2001","1.7"
"Чехія","Освіта","edu","2001","6.6"
"Чехія","Пенсії","old","2001","6.2"
"Чехія","Соціальний захист","soc","2001","6.2"
"Чехія","Безпека і оборона","def","2002","3.8"
"Чехія","Відсотки за борг","deb","2002","1.1"
"Чехія","Всього","ttl","2002","42.9"
"Чехія","Державна служба","cle","2002","4"
"Чехія","Дороги і ЖКГ","hou","2002","4.8"
"Чехія","Медицина","med","2002","1.5"
"Чехія","Освіта","edu","2002","7.1"
"Чехія","Пенсії","old","2002","6.4"
"Чехія","Соціальний захист","soc","2002","7"
"Чехія","Безпека і оборона","def","2003","3.9"
"Чехія","Відсотки за борг","deb","2003","1"
"Чехія","Всього","ttl","2003","48.3"
"Чехія","Державна служба","cle","2003","5.1"
"Чехія","Дороги і ЖКГ","hou","2003","9"
"Чехія","Медицина","med","2003","1.9"
"Чехія","Освіта","edu","2003","7.8"
"Чехія","Пенсії","old","2003","6.4"
"Чехія","Соціальний захист","soc","2003","6.8"
"Чехія","Безпека і оборона","def","2004","3.3"
"Чехія","Відсотки за борг","deb","2004","1.1"
"Чехія","Всього","ttl","2004","41.8"
"Чехія","Державна служба","cle","2004","5"
"Чехія","Дороги і ЖКГ","hou","2004","6.5"
"Чехія","Медицина","med","2004","1.7"
"Чехія","Освіта","edu","2004","7"
"Чехія","Пенсії","old","2004","6.1"
"Чехія","Соціальний захист","soc","2004","5.9"
"Чехія","Безпека і оборона","def","2005","3.6"
"Чехія","Відсотки за борг","deb","2005","1.2"
"Чехія","Всього","ttl","2005","40.6"
"Чехія","Державна служба","cle","2005","5"
"Чехія","Дороги і ЖКГ","hou","2005","6"
"Чехія","Медицина","med","2005","1.5"
"Чехія","Освіта","edu","2005","6.9"
"Чехія","Пенсії","old","2005","5.9"
"Чехія","Соціальний захист","soc","2005","5.9"
"Чехія","Безпека і оборона","def","2006","3.2"
"Чехія","Відсотки за борг","deb","2006","1.1"
"Чехія","Всього","ttl","2006","39.7"
"Чехія","Державна служба","cle","2006","4.3"
"Чехія","Дороги і ЖКГ","hou","2006","5.9"
"Чехія","Медицина","med","2006","1.7"
"Чехія","Освіта","edu","2006","7.1"
"Чехія","Пенсії","old","2006","6"
"Чехія","Соціальний захист","soc","2006","5.8"
"Чехія","Безпека і оборона","def","2007","3"
"Чехія","Відсотки за борг","deb","2007","1.2"
"Чехія","Всього","ttl","2007","38.8"
"Чехія","Державна служба","cle","2007","3.6"
"Чехія","Дороги і ЖКГ","hou","2007","5.5"
"Чехія","Медицина","med","2007","1.7"
"Чехія","Освіта","edu","2007","6.7"
"Чехія","Пенсії","old","2007","6"
"Чехія","Соціальний захист","soc","2007","6.5"
"Чехія","Безпека і оборона","def","2008","2.9"
"Чехія","Відсотки за борг","deb","2008","1.1"
"Чехія","Всього","ttl","2008","38.7"
"Чехія","Державна служба","cle","2008","3.6"
"Чехія","Дороги і ЖКГ","hou","2008","6"
"Чехія","Медицина","med","2008","1.6"
"Чехія","Освіта","edu","2008","6.8"
"Чехія","Пенсії","old","2008","6.2"
"Чехія","Соціальний захист","soc","2008","6.4"
"Чехія","Безпека і оборона","def","2009","3"
"Чехія","Відсотки за борг","deb","2009","1.3"
"Чехія","Всього","ttl","2009","41.8"
"Чехія","Державна служба","cle","2009","3.8"
"Чехія","Дороги і ЖКГ","hou","2009","6.5"
"Чехія","Медицина","med","2009","1.8"
"Чехія","Освіта","edu","2009","7.2"
"Чехія","Пенсії","old","2009","7"
"Чехія","Соціальний захист","soc","2009","6.9"
"Чехія","Безпека і оборона","def","2010","3"
"Чехія","Відсотки за борг","deb","2010","1.4"
"Чехія","Всього","ttl","2010","41.1"
"Чехія","Державна служба","cle","2010","3.6"
"Чехія","Дороги і ЖКГ","hou","2010","6"
"Чехія","Медицина","med","2010","1.8"
"Чехія","Освіта","edu","2010","7.2"
"Чехія","Пенсії","old","2010","7.3"
"Чехія","Соціальний захист","soc","2010","6.4"
"Чехія","Безпека і оборона","def","2011","2.7"
"Чехія","Відсотки за борг","deb","2011","1.4"
"Чехія","Всього","ttl","2011","43.4"
"Чехія","Державна служба","cle","2011","3.4"
"Чехія","Дороги і ЖКГ","hou","2011","5"
"Чехія","Медицина","med","2011","4.6"
"Чехія","Освіта","edu","2011","7.1"
"Чехія","Пенсії","old","2011","7.9"
"Чехія","Соціальний захист","soc","2011","6"
"Чехія","Безпека і оборона","def","2012","2.5"
"Чехія","Відсотки за борг","deb","2012","1.4"
"Чехія","Всього","ttl","2012","44"
"Чехія","Державна служба","cle","2012","5.3"
"Чехія","Дороги і ЖКГ","hou","2012","4.5"
"Чехія","Медицина","med","2012","4.6"
"Чехія","Освіта","edu","2012","7.1"
"Чехія","Пенсії","old","2012","8.1"
"Чехія","Соціальний захист","soc","2012","5.3"
"Чехія","Безпека і оборона","def","2013","2.5"
"Чехія","Відсотки за борг","deb","2013","1.4"
"Чехія","Всього","ttl","2013","42.2"
"Чехія","Державна служба","cle","2013","3.7"
"Чехія","Дороги і ЖКГ","hou","2013","4.2"
"Чехія","Медицина","med","2013","4.6"
"Чехія","Освіта","edu","2013","7.3"
"Чехія","Пенсії","old","2013","8.2"
"Чехія","Соціальний захист","soc","2013","5.4"
"Чехія","Безпека і оборона","def","2014","2.4"
"Чехія","Відсотки за борг","deb","2014","1.4"
"Чехія","Всього","ttl","2014","42.2"
"Чехія","Державна служба","cle","2014","3.7"
"Чехія","Дороги і ЖКГ","hou","2014","4.5"
"Чехія","Медицина","med","2014","4.6"
"Чехія","Освіта","edu","2014","7.2"
"Чехія","Пенсії","old","2014","8"
"Чехія","Соціальний захист","soc","2014","5.4"
